Page Urls,Keywords,Country,Date Range,Average Position
https://www.fortinet.com/resources/cyberglossary/aiops-future-of-it-operations,AIOPS,United States (US),"Sep 6-12, 2026",
https://www.fortinet.com/resources/cyberglossary/ai-data-centers,AI Data Center,United States (US),"Sep 6-12, 2026",
https://www.fortinet.com/resources/cyberglossary/aws-compliance,AWS Compliance,United States (US),"Sep 6-12, 2026",
https://www.fortinet.com/resources/cyberglossary/virtual-cloud-network,Virtual Cloud Network,United States (US),"Sep 6-12, 2026",
https://www.fortinet.com/resources/cyberglossary/cloud-infrastructure,Cloud Infrastructure,United States (US),"Sep 6-12, 2026",
https://www.fortinet.com/resources/cyberglossary/what-is-hybrid-cloud,Hybrid Cloud,United States (US),"Sep 6-12, 2026",
https://www.fortinet.com/resources/cyberglossary/hybrid-cloud-security,Hybrid Cloud Security,United States (US),"Sep 6-12, 2026",
https://www.fortinet.com/resources/cyberglossary/cloud-security-posture-management,CSPM,United States (US),"Sep 6-12, 2026",
https://www.fortinet.com/resources/cyberglossary/what-is-cloud-native,Cloud NATive,United States (US),"Sep 6-12, 2026",
https://www.fortinet.com/resources/cyberglossary/secure-web-gateways,Secure Web Gateway,United States (US),"Sep 6-12, 2026",
https://www.fortinet.com/resources/cyberglossary/cloud-security-tools,Cloud Security Tools,United States (US),"Sep 6-12, 2026",
https://www.fortinet.com/resources/cyberglossary/cloud-security-architecture,Cloud Security Architecture,United States (US),"Sep 6-12, 2026",
https://www.fortinet.com/resources/cyberglossary/cloud-security-best-practices,Cloud Security Best Practices,United States (US),"Sep 6-12, 2026",
https://www.fortinet.com/resources/cyberglossary/multi-cloud-security,Multi Cloud Security,United States (US),"Sep 6-12, 2026",
https://www.fortinet.com/resources/cyberglossary/cloud-native-firewalls,Cloud Native Firewall,United States (US),"Sep 6-12, 2026",
https://www.fortinet.com/resources/cyberglossary/cloud-application-security,Cloud Application Security,United States (US),"Sep 6-12, 2026",
https://www.fortinet.com/resources/cyberglossary/public-vs-private-cloud,Private Cloud Vs Public Cloud,United States (US),"Sep 6-12, 2026",
https://www.fortinet.com/resources/cyberglossary/distributed-firewall,Distributed Firewall,United States (US),"Sep 6-12, 2026",
https://www.fortinet.com/resources/cyberglossary/stateful-firewall,Stateful Firewall,United States (US),"Sep 6-12, 2026",
https://www.fortinet.com/resources/cyberglossary/dns-firewall,DNS Firewall,United States (US),"Sep 6-12, 2026",
https://www.fortinet.com/resources/cyberglossary/firewall-design-principles,Firewall Design Principles,United States (US),"Sep 6-12, 2026",
https://www.fortinet.com/resources/cyberglossary/what-is-network-security,Network Security,United States (US),"Sep 6-12, 2026",
https://www.fortinet.com/resources/cyberglossary/ot-security-best-practices,OT Security Best Practices,United States (US),"Sep 6-12, 2026",
https://www.fortinet.com/resources/cyberglossary/ot-network-segmentation-and-microsegmentation,OT Network Segmentation,United States (US),"Sep 6-12, 2026",
https://www.fortinet.com/resources/cyberglossary/ics-scada,ICS SCADA,United States (US),"Sep 6-12, 2026",
https://www.fortinet.com/resources/cyberglossary/quantum-security,Quantum Security,United States (US),"Sep 6-12, 2026",
https://www.fortinet.com/resources/cyberglossary/sase-benefits,SASE Benefits,United States (US),"Sep 6-12, 2026",
https://www.fortinet.com/resources/cyberglossary/sd-wan-architecture,SD WAN Architecture,United States (US),"Sep 6-12, 2026",
https://www.fortinet.com/resources/cyberglossary/sd-wan-costs,SD WAN Cost,United States (US),"Sep 6-12, 2026",
https://www.fortinet.com/resources/cyberglossary/zero-trust-architecture,Zero Trust Architecture,United States (US),"Sep 6-12, 2026",
https://www.fortinet.com/resources/cyberglossary/zero-trust-for-the-cloud,Zero Trust Cloud,United States (US),"Sep 6-12, 2026",
https://www.fortinet.com/resources/cyberglossary/vpn-wifi,Public Wifi,United States (US),"Sep 6-12, 2026",
https://www.fortinet.com/resources/cyberglossary/threat-hunting,Threat Hunting,United States (US),"Sep 6-12, 2026",
https://www.fortinet.com/resources/cyberglossary/information-security,Information Security,United States (US),"Sep 6-12, 2026",
https://www.fortinet.com/resources/cyberglossary/oauth,OAUTH,United States (US),"Sep 6-12, 2026",
https://www.fortinet.com/resources/cyberglossary/credential-stuffing,Credential Stuffing,United States (US),"Sep 6-12, 2026",
https://www.fortinet.com/resources/cyberglossary/malvertising,Malvertising,United States (US),"Sep 6-12, 2026",
https://www.fortinet.com/resources/cyberglossary/edge-computing,EDGE Computing,United States (US),"Sep 6-12, 2026",
https://www.fortinet.com/resources/cyberglossary/wannacry-ransomware-attack,Wannacry Ransomware Attack,United States (US),"Sep 6-12, 2026",
https://www.fortinet.com/resources/cyberglossary/authentication-vs-authorization,Authentication Vs Authorization,United States (US),"Sep 6-12, 2026",
https://www.fortinet.com/resources/cyberglossary/email-spoofing,Email Spoofing,United States (US),"Sep 6-12, 2026",
https://www.fortinet.com/resources/cyberglossary/cybersecurity-analytics,Cybersecurity Analytics,United States (US),"Sep 6-12, 2026",
https://www.fortinet.com/resources/cyberglossary/worm-virus,Worm Virus,United States (US),"Sep 6-12, 2026",
https://www.fortinet.com/resources/cyberglossary/computer-virus,Computer Viruses,United States (US),"Sep 6-12, 2026",
https://www.fortinet.com/resources/cyberglossary/vpn-blocker,VPN Blocker,United States (US),"Sep 6-12, 2026",
https://www.fortinet.com/resources/cyberglossary/dns-poisoning,DNS Poisioning,United States (US),"Sep 6-12, 2026",
https://www.fortinet.com/resources/cyberglossary/cyber-warfare,Cyberwarfare,United States (US),"Sep 6-12, 2026",
https://www.fortinet.com/resources/cyberglossary/indicators-of-compromise,Indicators Of Compromise,United States (US),"Sep 6-12, 2026",
https://www.fortinet.com/resources/cyberglossary/file-transfer-protocol-ftp-meaning,File Transfer Protocol,United States (US),"Sep 6-12, 2026",
https://www.fortinet.com/resources/cyberglossary/kerberos-authentication,Kerberos Authentication,United States (US),"Sep 6-12, 2026",
https://www.fortinet.com/resources/cyberglossary/network-address-translation,What Is NAT,United States (US),"Sep 6-12, 2026",
https://www.fortinet.com/resources/cyberglossary/what-is-an-ips,What Is An IPS,United States (US),"Sep 6-12, 2026",
https://www.fortinet.com/resources/cyberglossary/hardware-security-module,What Is HSM,United States (US),"Sep 6-12, 2026",
https://www.fortinet.com/resources/cyberglossary/what-is-ethernet-switching,Ethernet Switching,United States (US),"Sep 6-12, 2026",
https://www.fortinet.com/resources/cyberglossary/buffer-overflow,Buffer Overflow,United States (US),"Sep 6-12, 2026",
https://www.fortinet.com/resources/cyberglossary/internet-control-message-protocol-icmp,ICMP,United States (US),"Sep 6-12, 2026",
https://www.fortinet.com/resources/cyberglossary/fault-tolerance,Fault Tolerance,United States (US),"Sep 6-12, 2026",
https://www.fortinet.com/resources/cyberglossary/dns-protection,DNS Protection,United States (US),"Sep 6-12, 2026",
https://www.fortinet.com/resources/cyberglossary/data-leak,Data Leak,United States (US),"Sep 6-12, 2026",
https://www.fortinet.com/resources/cyberglossary/latency,Latency,United States (US),"Sep 6-12, 2026",
https://www.fortinet.com/resources/cyberglossary/catfishing,What Is Catfishing,United States (US),"Sep 6-12, 2026",
https://www.fortinet.com/resources/cyberglossary/smb-cyberattacks,Cyber Attacks On Small Business,United States (US),"Sep 6-12, 2026",
https://www.fortinet.com/resources/cyberglossary/ping-of-death,Ping Of Death,United States (US),"Sep 6-12, 2026",
https://www.fortinet.com/resources/cyberglossary/security-service-edge-sse,What Is SSE,United States (US),"Sep 6-12, 2026",
https://www.fortinet.com/resources/cyberglossary/mobile-app-security,Mobile App Security,United States (US),"Sep 6-12, 2026",
https://www.fortinet.com/resources/cyberglossary/peer-to-peer-p2p-vpn,P2P VPN,United States (US),"Sep 6-12, 2026",
https://www.fortinet.com/resources/cyberglossary/runtime-application-self-protection-rasp,Runtime Application Self-Protection,United States (US),"Sep 6-12, 2026",
https://www.fortinet.com/resources/cyberglossary/enterprise-security,Enterprise Security,United States (US),"Sep 6-12, 2026",
https://www.fortinet.com/resources/cyberglossary/cryptojacking,Cryptojacking,United States (US),"Sep 6-12, 2026",
https://www.fortinet.com/resources/cyberglossary/smishing,Smishing,United States (US),"Sep 6-12, 2026",
https://www.fortinet.com/resources/cyberglossary/shadow-it,Shadow It,United States (US),"Sep 6-12, 2026",
https://www.fortinet.com/resources/cyberglossary/data-center,What Is Data Center,United States (US),"Sep 6-12, 2026",
https://www.fortinet.com/resources/cyberglossary/data-integrity,Data Integrity,United States (US),"Sep 6-12, 2026",
https://www.fortinet.com/resources/cyberglossary/wardriving,Wardriving,United States (US),"Sep 6-12, 2026",
https://www.fortinet.com/resources/cyberglossary/ssl-vpn,SSL VPN,United States (US),"Sep 6-12, 2026",
https://www.fortinet.com/resources/cyberglossary/snort,Snort,United States (US),"Sep 6-12, 2026",
https://www.fortinet.com/resources/cyberglossary/zero-day-attack,Zero-Day Attack,United States (US),"Sep 6-12, 2026",
https://www.fortinet.com/resources/cyberglossary/vulnerability-scanning-compare,Vulnerability Scanning Vs Penetration Testing,United States (US),"Sep 6-12, 2026",
https://www.fortinet.com/resources/cyberglossary/api-security,API Security,United States (US),"Sep 6-12, 2026",
https://www.fortinet.com/resources/cyberglossary/what-is-cryptography,Cryptography,United States (US),"Sep 6-12, 2026",
https://www.fortinet.com/resources/cyberglossary/doxing,Doxing,United States (US),"Sep 6-12, 2026",
https://www.fortinet.com/resources/cyberglossary/access-control,Access Control,United States (US),"Sep 6-12, 2026",
https://www.fortinet.com/resources/cyberglossary/dkim-record,DKIM Record,United States (US),"Sep 6-12, 2026",
https://www.fortinet.com/resources/cyberglossary/saml-vs-oauth,SAML Vs OAUTH Vs Open Id,United States (US),"Sep 6-12, 2026",
https://www.fortinet.com/resources/cyberglossary/csrf,CSRF Attack,United States (US),"Sep 6-12, 2026",
https://www.fortinet.com/resources/cyberglossary/captcha,What Is Captcha?,United States (US),"Sep 6-12, 2026",
https://www.fortinet.com/resources/cyberglossary/cve,Common Vulnerabilities And Exposures,United States (US),"Sep 6-12, 2026",
https://www.fortinet.com/resources/cyberglossary/reverse-proxy,Reverse Proxy,United States (US),"Sep 6-12, 2026",
https://www.fortinet.com/resources/cyberglossary/scada-and-scada-systems,What Is Scada,United States (US),"Sep 6-12, 2026",
https://www.fortinet.com/resources/cyberglossary/identity-and-access-management,Identity And Access Management,United States (US),"Sep 6-12, 2026",
https://www.fortinet.com/resources/cyberglossary/what-is-cybersecurity,What Is Cybersecurity,United States (US),"Sep 6-12, 2026",
https://www.fortinet.com/resources/cyberglossary/soc-2-compliance,What Is Soc 2 Compliance,United States (US),"Sep 6-12, 2026",
https://www.fortinet.com/resources/cyberglossary/what-is-cobit,Cobit,United States (US),"Sep 6-12, 2026",
https://www.fortinet.com/resources/cyberglossary/iot,What Is IOT?,United States (US),"Sep 6-12, 2026",
https://www.fortinet.com/resources/cyberglossary/enterprise-architecture,Enterprise Architecture,United States (US),"Sep 6-12, 2026",
https://www.fortinet.com/resources/cyberglossary/disaster-recovery,Disaster Recovery,United States (US),"Sep 6-12, 2026",
https://www.fortinet.com/resources/cyberglossary/pii,Personally Identifiable Information,United States (US),"Sep 6-12, 2026",
https://www.fortinet.com/resources/cyberglossary/osi-model,OSI Model,United States (US),"Sep 6-12, 2026",
https://www.fortinet.com/resources/cyberglossary/owasp,Owasp,United States (US),"Sep 6-12, 2026",
https://www.fortinet.com/resources/cyberglossary/role-based-access-control,RBAC,United States (US),"Sep 6-12, 2026",
https://www.fortinet.com/resources/cyberglossary/what-is-cyber-attack,What Is A Cyber Attack,United States (US),"Sep 6-12, 2026",
https://www.fortinet.com/resources/cyberglossary/vishing-attack,Vishing Attack,United States (US),"Sep 6-12, 2026",
https://www.fortinet.com/resources/cyberglossary/endpoint-protection-platform,Endpoint Protection Platform,United States (US),"Sep 6-12, 2026",
https://www.fortinet.com/resources/cyberglossary/wan,What Is A WAN,United States (US),"Sep 6-12, 2026",
https://www.fortinet.com/resources/cyberglossary/ransomware-statistics,Ransomware Statistics,United States (US),"Sep 6-12, 2026",
https://www.fortinet.com/resources/cyberglossary/ciem,CIEM,United States (US),"Sep 6-12, 2026",
https://www.fortinet.com/resources/cyberglossary/command-and-control-attacks,Command And Control Attack,United States (US),"Sep 6-12, 2026",
https://www.fortinet.com/resources/cyberglossary/iot-security,IOT Security,United States (US),"Sep 6-12, 2026",
https://www.fortinet.com/resources/cyberglossary/what-is-packet-loss,Packet Loss,United States (US),"Sep 6-12, 2026",
https://www.fortinet.com/resources/cyberglossary/dynamic-application-security-testing,Dynamic Application Security Testing,United States (US),"Sep 6-12, 2026",
https://www.fortinet.com/resources/cyberglossary/what-is-bluekeep,Bluekeep,United States (US),"Sep 6-12, 2026",
https://www.fortinet.com/resources/cyberglossary/it-operations,It Operations,United States (US),"Sep 6-12, 2026",
https://www.fortinet.com/resources/cyberglossary/advanced-persistent-threat,Advanced Persistent Threat,United States (US),"Sep 6-12, 2026",
https://www.fortinet.com/resources/cyberglossary/cnapp,CNapp,United States (US),"Sep 6-12, 2026",
https://www.fortinet.com/resources/cyberglossary/social-engineering,Social Engineering,United States (US),"Sep 6-12, 2026",
https://www.fortinet.com/resources/cyberglossary/software-as-a-service,SAAS,United States (US),"Sep 6-12, 2026",
https://www.fortinet.com/resources/cyberglossary/privileged-access-management,Privileged Access Management,United States (US),"Sep 6-12, 2026",
https://www.fortinet.com/resources/cyberglossary/infrastructure-as-a-service,IaaS,United States (US),"Sep 6-12, 2026",
https://www.fortinet.com/resources/cyberglossary/data-governance,Data Governance,United States (US),"Sep 6-12, 2026",
https://www.fortinet.com/resources/cyberglossary/iec-62443,IEC 62443,United States (US),"Sep 6-12, 2026",
https://www.fortinet.com/resources/cyberglossary/digital-experience-monitoring,Digital Experience Monitoring,United States (US),"Sep 6-12, 2026",
https://www.fortinet.com/resources/cyberglossary/active-directory,Active Directory Cybersecurity,United States (US),"Sep 6-12, 2026",
https://www.fortinet.com/resources/cyberglossary/what-is-scim,SCIM Authentication,United States (US),"Sep 6-12, 2026",
https://www.fortinet.com/resources/cyberglossary/application-security,Application Security,United States (US),"Sep 6-12, 2026",
https://www.fortinet.com/resources/cyberglossary/cyber-safety,Cyber Safety,United States (US),"Sep 6-12, 2026",
https://www.fortinet.com/resources/cyberglossary/cyber-resilience,Cyber Resilience,United States (US),"Sep 6-12, 2026",
https://www.fortinet.com/resources/cyberglossary/antivirus-protection,Antivirus Protection,United States (US),"Sep 6-12, 2026",
https://www.fortinet.com/resources/cyberglossary/waf-architecture,Web Application Firewall Architecture,United States (US),"Sep 6-12, 2026",
https://www.fortinet.com/resources/cyberglossary/cybersecurity-awareness,Cybersecurity Awareness,United States (US),"Sep 6-12, 2026",
https://www.fortinet.com/resources/cyberglossary/it-security,It Security,United States (US),"Sep 6-12, 2026",
https://www.fortinet.com/resources/cyberglossary/nist-800-53,Nist 800 53,United States (US),"Sep 6-12, 2026",
https://www.fortinet.com/resources/cyberglossary/nittf-cnssd-504,Nittf Cnssd 504,United States (US),"Sep 6-12, 2026",
https://www.fortinet.com/resources/cyberglossary/principle-of-least-privilege,Principle Of Least Privilege,United States (US),"Sep 6-12, 2026",
https://www.fortinet.com/resources/cyberglossary/sbom,SBOM,United States (US),"Sep 6-12, 2026",
https://www.fortinet.com/resources/cyberglossary/secret-detection,Secret Detection,United States (US),"Sep 6-12, 2026",
https://www.fortinet.com/resources/cyberglossary/artificial-intelligence-in-cybersecurity,AI In Cybersecurity,United States (US),"Sep 6-12, 2026",
https://www.fortinet.com/resources/cyberglossary/ai-adoption,AI Adoption,United States (US),"Sep 6-12, 2026",
https://www.fortinet.com/resources/cyberglossary/ai-security,AI Security,United States (US),"Sep 6-12, 2026",
https://www.fortinet.com/resources/cyberglossary/deepfake-ai,Deep Fake AI,United States (US),"Sep 6-12, 2026",
https://www.fortinet.com/resources/cyberglossary/vpc,Virtual Private Cloud,United States (US),"Sep 6-12, 2026",
https://www.fortinet.com/resources/cyberglossary/casb,CASB,United States (US),"Sep 6-12, 2026",
https://www.fortinet.com/resources/cyberglossary/public-cloud-security-risks,Public Cloud Security Risks,United States (US),"Sep 6-12, 2026",
https://www.fortinet.com/resources/cyberglossary/cloud-vpn,Cloud VPN,United States (US),"Sep 6-12, 2026",
https://www.fortinet.com/resources/cyberglossary/what-is-cloud-security,Cloud Security,United States (US),"Sep 6-12, 2026",
https://www.fortinet.com/resources/cyberglossary/cloud-data-protection,Cloud Data Protection,United States (US),"Sep 6-12, 2026",
https://www.fortinet.com/resources/cyberglossary/cloud-encryption,Cloud Encryption,United States (US),"Sep 6-12, 2026",
https://www.fortinet.com/resources/cyberglossary/cloud-firewall,Cloud Firewall,United States (US),"Sep 6-12, 2026",
https://www.fortinet.com/resources/cyberglossary/virtual-firewall-for-cloud,Virtual Firewall,United States (US),"Sep 6-12, 2026",
https://www.fortinet.com/resources/cyberglossary/cloud-security-tips,Cloud Security TIPS,United States (US),"Sep 6-12, 2026",
https://www.fortinet.com/resources/cyberglossary/cloud-detection-and-response,Cloud Detection And Response,United States (US),"Sep 6-12, 2026",
https://www.fortinet.com/resources/cyberglossary/cwpp,Cloud Workload Protection Platform,United States (US),"Sep 6-12, 2026",
https://www.fortinet.com/resources/cyberglossary/dlp-for-cloud,DLP For Cloud,United States (US),"Sep 6-12, 2026",
https://www.fortinet.com/resources/cyberglossary/what-does-a-firewall-do,What Does A Firewall Do,United States (US),"Sep 6-12, 2026",
https://www.fortinet.com/resources/cyberglossary/firewall-as-a-service-fwaas,Firewall As A Service,United States (US),"Sep 6-12, 2026",
https://www.fortinet.com/resources/cyberglossary/waf-vs-firewall,Waf Vs Firewall,United States (US),"Sep 6-12, 2026",
https://www.fortinet.com/resources/cyberglossary/how-does-a-firewall-work,How Does A Firewall Work,United States (US),"Sep 6-12, 2026",
https://www.fortinet.com/resources/cyberglossary/perimeter-firewall,Perimeter Firewall,United States (US),"Sep 6-12, 2026",
https://www.fortinet.com/resources/cyberglossary/transparent-firewall,Transparent Firewall,United States (US),"Sep 6-12, 2026",
https://www.fortinet.com/resources/cyberglossary/firewall-configuration,Firewall Configuration,United States (US),"Sep 6-12, 2026",
https://www.fortinet.com/resources/cyberglossary/hybrid-mesh-firewall,Hybrid Mesh Firewall,United States (US),"Sep 6-12, 2026",
https://www.fortinet.com/resources/cyberglossary/proxy-firewall,Proxy Firewall,United States (US),"Sep 6-12, 2026",
https://www.fortinet.com/resources/cyberglossary/does-a-firewall-affect-internet-speed,Does Firewall Slow Down Internet Speed,United States (US),"Sep 6-12, 2026",
https://www.fortinet.com/resources/cyberglossary/hybrid-firewall-advantages-disadvantages,Hybrid Firewall,United States (US),"Sep 6-12, 2026",
https://www.fortinet.com/resources/cyberglossary/stateful-vs-stateless-firewall,Stateful Vs Stateless Firewall,United States (US),"Sep 6-12, 2026",
https://www.fortinet.com/resources/cyberglossary/proxy-server-vs-packet-filtering-firewall,Proxy Server Vs Packet Filtering Firewall,United States (US),"Sep 6-12, 2026",
https://www.fortinet.com/resources/cyberglossary/firewall,Firewall,United States (US),"Sep 6-12, 2026",
https://www.fortinet.com/resources/cyberglossary/hardware-firewalls-better-than-software,Hardware Firewall,United States (US),"Sep 6-12, 2026",
https://www.fortinet.com/resources/cyberglossary/benefits-of-firewall,Firewall Benefits,United States (US),"Sep 6-12, 2026",
https://www.fortinet.com/resources/cyberglossary/firewall,What Is A Firewall,United States (US),"Sep 6-12, 2026",
https://www.fortinet.com/resources/cyberglossary/end-of-life-firewall,End Of Life Firewall,United States (US),"Sep 6-12, 2026",
https://www.fortinet.com/resources/cyberglossary/human-firewall,Human Firewall,United States (US),"Sep 6-12, 2026",
https://www.fortinet.com/resources/cyberglossary/ruggedized-firewall,Rugged Firewall,United States (US),"Sep 6-12, 2026",
https://www.fortinet.com/resources/cyberglossary/business-web-application-firewall,Web Application Firewall For Enterprise,United States (US),"Sep 6-12, 2026",
https://www.fortinet.com/resources/cyberglossary/waf,WAF,United States (US),"Sep 6-12, 2026",
https://www.fortinet.com/resources/cyberglossary/comparing-virtual-firewalls,Best Virtual Firwall,United States (US),"Sep 6-12, 2026",
https://www.fortinet.com/resources/cyberglossary/next-generation-firewall,NGFW,United States (US),"Sep 6-12, 2026",
https://www.fortinet.com/resources/cyberglossary/network-security-vulnerability,Network Security Vulnerability,United States (US),"Sep 6-12, 2026",
https://www.fortinet.com/resources/cyberglossary/network-security-threats,Network Security Threats,United States (US),"Sep 6-12, 2026",
https://www.fortinet.com/resources/cyberglossary/cloud-network-security,Cloud Network Security,United States (US),"Sep 6-12, 2026",
https://www.fortinet.com/resources/cyberglossary/network-security-management,Network Security Management,United States (US),"Sep 6-12, 2026",
https://www.fortinet.com/resources/cyberglossary/network-security-vs-cybersecurity,Network Security Vs Cybersecurity,United States (US),"Sep 6-12, 2026",
https://www.fortinet.com/resources/cyberglossary/it-vs-ot-cybersecurity,IT Vs OT Security,United States (US),"Sep 6-12, 2026",
https://www.fortinet.com/resources/cyberglossary/manufacturing-ot,Manufacturing OT,United States (US),"Sep 6-12, 2026",
https://www.fortinet.com/resources/cyberglossary/quantum-key-distribution,Quantum Key Distribution,United States (US),"Sep 6-12, 2026",
https://www.fortinet.com/resources/cyberglossary/post-quantum-cryptography,Post Quantum Cryptography,United States (US),"Sep 6-12, 2026",
https://www.fortinet.com/resources/cyberglossary/quantum-computing-security,Quantum Computing Security,United States (US),"Sep 6-12, 2026",
https://www.fortinet.com/resources/cyberglossary/quantum-safe-security,Quantum Safe Security,United States (US),"Sep 6-12, 2026",
https://www.fortinet.com/resources/cyberglossary/quantum-safe-encryption,Quantum Safe Encryption,United States (US),"Sep 6-12, 2026",
https://www.fortinet.com/resources/cyberglossary/sd-wan-vs-sase,SD WAN Vs SASE,United States (US),"Sep 6-12, 2026",
https://www.fortinet.com/resources/cyberglossary/sase-vs-casb,SASE Vs CASB,United States (US),"Sep 6-12, 2026",
https://www.fortinet.com/resources/cyberglossary/sase,SASE,United States (US),"Sep 6-12, 2026",
https://www.fortinet.com/resources/cyberglossary/sase-architecture,SASE Architecture,United States (US),"Sep 6-12, 2026",
https://www.fortinet.com/resources/cyberglossary/sase-vs-ztna,SASE Vs ZTNA,United States (US),"Sep 6-12, 2026",
https://www.fortinet.com/resources/cyberglossary/sovereign-sase,Sovereign SASE,United States (US),"Sep 6-12, 2026",
https://www.fortinet.com/resources/cyberglossary/sdn-vs-sd-wan,SDN Vs SD WAN,United States (US),"Sep 6-12, 2026",
https://www.fortinet.com/resources/cyberglossary/sd-wan-vs-vpn,SD WAN Vs VPN,United States (US),"Sep 6-12, 2026",
https://www.fortinet.com/resources/cyberglossary/sd-wan-explained,SD WAN Explained,United States (US),"Sep 6-12, 2026",
https://www.fortinet.com/resources/cyberglossary/benefits-of-sd-wan,SD WAN Benefits,United States (US),"Sep 6-12, 2026",
https://www.fortinet.com/resources/cyberglossary/sd-wan-as-a-service,SD WAN As A Service,United States (US),"Sep 6-12, 2026",
https://www.fortinet.com/resources/cyberglossary/sd-wan-security,SD WAN Security,United States (US),"Sep 6-12, 2026",
https://www.fortinet.com/resources/cyberglossary/sd-wan-vs-mpls,SD WAN Vs Mpls,United States (US),"Sep 6-12, 2026",
https://www.fortinet.com/resources/cyberglossary/what-is-secops,Security Operations,United States (US),"Sep 6-12, 2026",
https://www.fortinet.com/resources/cyberglossary/what-is-secops,Secops,United States (US),"Sep 6-12, 2026",
https://www.fortinet.com/resources/cyberglossary/secops-metrics,Secops Metrics,United States (US),"Sep 6-12, 2026",
https://www.fortinet.com/resources/cyberglossary/how-to-implement-zero-trust,How To Implement Zero Trust,United States (US),"Sep 6-12, 2026",
https://www.fortinet.com/resources/cyberglossary/universal-ztna,Universal ZTNA,United States (US),"Sep 6-12, 2026",
https://www.fortinet.com/resources/cyberglossary/zero-trust-edge,Zero Trust EDGE,United States (US),"Sep 6-12, 2026",
https://www.fortinet.com/resources/cyberglossary/what-is-the-zero-trust-network-security-model,Zerotrust Security Model,United States (US),"Sep 6-12, 2026",
https://www.fortinet.com/resources/cyberglossary/ztna-vs-vpn,ZTNA Vs VPN,United States (US),"Sep 6-12, 2026",
https://www.fortinet.com/resources/cyberglossary/what-is-ztna,Zero-Trust Network Access,United States (US),"Sep 6-12, 2026",
https://www.fortinet.com/resources/cyberglossary/virtual-firewall-zero-trust,Virtual Firewall For Zero Trust,United States (US),"Sep 6-12, 2026",
https://www.fortinet.com/resources/cyberglossary/what-is-zero-trust,Zero Trust,United States (US),"Sep 6-12, 2026",
https://www.fortinet.com/resources/cyberglossary/what-is-cognitive-science,Cognitive Science,United States (US),"Sep 6-12, 2026",
https://www.fortinet.com/resources/cyberglossary/what-is-fedramp,Fedramp,United States (US),"Sep 6-12, 2026",
https://www.fortinet.com/resources/cyberglossary/hyperscale,Hyperscale Data Center,United States (US),"Sep 6-12, 2026",
https://www.fortinet.com/resources/cyberglossary/what-is-adware,What Is Adware,United States (US),"Sep 6-12, 2026",
https://www.fortinet.com/resources/cyberglossary/common-vulnerability-scoring-system,Common Vulnerability Scoring System,United States (US),"Sep 6-12, 2026",
https://www.fortinet.com/resources/cyberglossary/what-is-bitcoin-mining,Bitcoin Mining,United States (US),"Sep 6-12, 2026",
https://www.fortinet.com/resources/cyberglossary/business-email-compromise,Business Email Compromise,United States (US),"Sep 6-12, 2026",
https://www.fortinet.com/resources/cyberglossary/dmarc,What Is Dmarc,United States (US),"Sep 6-12, 2026",
https://www.fortinet.com/resources/cyberglossary/iso-iec-27001,ISO/IEC 27001,United States (US),"Sep 6-12, 2026",
https://www.fortinet.com/resources/cyberglossary/what-is-mssp,Managed Security Service Provider,United States (US),"Sep 6-12, 2026",
https://www.fortinet.com/resources/cyberglossary/what-is-sandboxing,Sandboxing,United States (US),"Sep 6-12, 2026",
https://www.fortinet.com/resources/cyberglossary/what-is-web-security,Web Security,United States (US),"Sep 6-12, 2026",
https://www.fortinet.com/resources/cyberglossary/cybersecurity-management,Cybersecurity Management,United States (US),"Sep 6-12, 2026",
https://www.fortinet.com/resources/cyberglossary/what-is-endpoint-security,Endpoint Security,United States (US),"Sep 6-12, 2026",
https://www.fortinet.com/resources/cyberglossary/encryption,What Is Encryption,United States (US),"Sep 6-12, 2026",
https://www.fortinet.com/resources/cyberglossary/ldap-authentication,LDAP Authentication,United States (US),"Sep 6-12, 2026",
https://www.fortinet.com/resources/cyberglossary/privileged-identity-management,Privileged Identity Management,United States (US),"Sep 6-12, 2026",
https://www.fortinet.com/resources/cyberglossary/what-is-dmz,DMZ,United States (US),"Sep 6-12, 2026",
https://www.fortinet.com/resources/cyberglossary/does-vpn-decrease-internet-speed,Does VPN Affect Internet Speed,United States (US),"Sep 6-12, 2026",
https://www.fortinet.com/resources/cyberglossary/are-vpns-safe,Are VPNs Safe,United States (US),"Sep 6-12, 2026",
https://www.fortinet.com/resources/cyberglossary/threat-modeling,Threat Modeling,United States (US),"Sep 6-12, 2026",
https://www.fortinet.com/resources/cyberglossary/are-vpns-safe,Is VPN Safe,United States (US),"Sep 6-12, 2026",
https://www.fortinet.com/resources/cyberglossary/attack-vector,Attack Vector,United States (US),"Sep 6-12, 2026",
https://www.fortinet.com/resources/cyberglossary/service-set-identifier-ssid,Service Set Identifier,United States (US),"Sep 6-12, 2026",
https://www.fortinet.com/resources/cyberglossary/digital-rights-management-drm,Digital Rights Management,United States (US),"Sep 6-12, 2026",
https://www.fortinet.com/resources/cyberglossary/content-filtering,Content Filtering,United States (US),"Sep 6-12, 2026",
https://www.fortinet.com/resources/cyberglossary/what-is-splunk,What Is Splunk,United States (US),"Sep 6-12, 2026",
https://www.fortinet.com/resources/cyberglossary/proxy-server,What Is Proxy Server,United States (US),"Sep 6-12, 2026",
https://www.fortinet.com/resources/cyberglossary/data-egress,Data Egress,United States (US),"Sep 6-12, 2026",
https://www.fortinet.com/resources/cyberglossary/iot-edge,IOT EDGE,United States (US),"Sep 6-12, 2026",
https://www.fortinet.com/resources/cyberglossary/http-proxy,Http Proxy,United States (US),"Sep 6-12, 2026",
https://www.fortinet.com/resources/cyberglossary/web-security-threats,Web Security Threats,United States (US),"Sep 6-12, 2026",
https://www.fortinet.com/resources/cyberglossary/email-encryption,Email Encryption,United States (US),"Sep 6-12, 2026",
https://www.fortinet.com/resources/cyberglossary/brute-force-attack,Brute Force Attack,United States (US),"Sep 6-12, 2026",
https://www.fortinet.com/resources/cyberglossary/defense-in-depth,Defense In Depth,United States (US),"Sep 6-12, 2026",
https://www.fortinet.com/resources/cyberglossary/honey-tokens,Honey Tokens,United States (US),"Sep 6-12, 2026",
https://www.fortinet.com/resources/cyberglossary/attack-surface,Attack Surface,United States (US),"Sep 6-12, 2026",
https://www.fortinet.com/resources/cyberglossary/types-of-cyber-attacks,Types Of Cyber Attacks,United States (US),"Sep 6-12, 2026",
https://www.fortinet.com/resources/cyberglossary/active-defense,Active Defense,United States (US),"Sep 6-12, 2026",
https://www.fortinet.com/resources/cyberglossary/nist-compliance,Nist Compliance,United States (US),"Sep 6-12, 2026",
https://www.fortinet.com/resources/cyberglossary/remote-access-trojan,Remote Access Trojan,United States (US),"Sep 6-12, 2026",
https://www.fortinet.com/resources/cyberglossary/malware-analysis,Malware Analysis,United States (US),"Sep 6-12, 2026",
https://www.fortinet.com/resources/cyberglossary/fake-hacking,Fake Hacking,United States (US),"Sep 6-12, 2026",
https://www.fortinet.com/resources/cyberglossary/pos-security,Pos Security,United States (US),"Sep 6-12, 2026",
https://www.fortinet.com/resources/cyberglossary/iot-best-practices,IOT Security Best Practices,United States (US),"Sep 6-12, 2026",
https://www.fortinet.com/resources/cyberglossary/what-is-edr,What Is EDR,United States (US),"Sep 6-12, 2026",
https://www.fortinet.com/resources/cyberglossary/types-of-endpoint-security,Types Of Endpoint Security,United States (US),"Sep 6-12, 2026",
https://www.fortinet.com/resources/cyberglossary/what-is-wan-aggregation,WAN Aggregation,United States (US),"Sep 6-12, 2026",
https://www.fortinet.com/resources/cyberglossary/what-is-ueba,UEBA,United States (US),"Sep 6-12, 2026",
https://www.fortinet.com/resources/cyberglossary/pst-file,What Is A Pst File,United States (US),"Sep 6-12, 2026",
https://www.fortinet.com/resources/cyberglossary/saml-vs-oauth,SAML Vs OAUTH,United States (US),"Sep 6-12, 2026",
https://www.fortinet.com/resources/cyberglossary/traceroutes,What Is Traceroute,United States (US),"Sep 6-12, 2026",
https://www.fortinet.com/resources/cyberglossary/authentication-token,Authentication Token,United States (US),"Sep 6-12, 2026",
https://www.fortinet.com/resources/cyberglossary/network-traffic,Network Traffic,United States (US),"Sep 6-12, 2026",
https://www.fortinet.com/resources/cyberglossary/internet-fraud,Internet Fraud,United States (US),"Sep 6-12, 2026",
https://www.fortinet.com/resources/cyberglossary/802-1x-authentication,802.1X Authentication,United States (US),"Sep 6-12, 2026",
https://www.fortinet.com/resources/cyberglossary/network-access-control-list,Network Access Control List,United States (US),"Sep 6-12, 2026",
https://www.fortinet.com/resources/cyberglossary/what-is-an-open-proxy,What Is An Open Proxy,United States (US),"Sep 6-12, 2026",
https://www.fortinet.com/resources/cyberglossary/api-key,What Is An API Key,United States (US),"Sep 6-12, 2026",
https://www.fortinet.com/resources/cyberglossary/radius-protocol,Radius Protocol,United States (US),"Sep 6-12, 2026",
https://www.fortinet.com/resources/cyberglossary/transparent-proxy,Transparent Proxy,United States (US),"Sep 6-12, 2026",
https://www.fortinet.com/resources/cyberglossary/ocsp,OCSP,United States (US),"Sep 6-12, 2026",
https://www.fortinet.com/resources/cyberglossary/centralized-management,Centralized Management,United States (US),"Sep 6-12, 2026",
https://www.fortinet.com/resources/cyberglossary/benefits-of-vpn,Benefits Of VPN,United States (US),"Sep 6-12, 2026",
https://www.fortinet.com/resources/cyberglossary/vpn-split-tunneling,VPN Split Tunneling,United States (US),"Sep 6-12, 2026",
https://www.fortinet.com/resources/cyberglossary/proxy-vs-vpn,Proxy Vs VPN,United States (US),"Sep 6-12, 2026",
https://www.fortinet.com/resources/cyberglossary/aaa-security,AAA Security,United States (US),"Sep 6-12, 2026",
https://www.fortinet.com/resources/cyberglossary/network-edge,Network EDGE,United States (US),"Sep 6-12, 2026",
https://www.fortinet.com/resources/cyberglossary/operational-security,Operational Security,United States (US),"Sep 6-12, 2026",
https://www.fortinet.com/resources/cyberglossary/hybrid-data-center,Hybrid Data Center,United States (US),"Sep 6-12, 2026",
https://www.fortinet.com/resources/cyberglossary/how-to-setup-a-proxy-server,How To Setup A Proxy Server,United States (US),"Sep 6-12, 2026",
https://www.fortinet.com/resources/cyberglossary/message-authentication-code,Message Authentication Code,United States (US),"Sep 6-12, 2026",
https://www.fortinet.com/resources/cyberglossary/dns-security,DNS Security,United States (US),"Sep 6-12, 2026",
https://www.fortinet.com/resources/cyberglossary/healthcare-data-security,Healthcare Data Security,United States (US),"Sep 6-12, 2026",
https://www.fortinet.com/resources/cyberglossary/data-center-security,Data Center Security,United States (US),"Sep 6-12, 2026",
https://www.fortinet.com/resources/cyberglossary/what-is-cybersecurity-mesh,Cybersecurity Mesh,United States (US),"Sep 6-12, 2026",
https://www.fortinet.com/resources/cyberglossary/what-is-hacking,Hacking,United States (US),"Sep 6-12, 2026",
https://www.fortinet.com/resources/cyberglossary/how-does-vpn-work,How Does A VPN Work,United States (US),"Sep 6-12, 2026",
https://www.fortinet.com/resources/cyberglossary/cia-triad,CIA Triad,United States (US),"Sep 6-12, 2026",
https://www.fortinet.com/resources/cyberglossary/security-as-a-service,Security-As-A-Service,United States (US),"Sep 6-12, 2026",
https://www.fortinet.com/resources/cyberglossary/compliance-automation,Compliance Automation,United States (US),"Sep 6-12, 2026",
https://www.fortinet.com/resources/cyberglossary/data-deduplication,Data Deduplication,United States (US),"Sep 6-12, 2026",
https://www.fortinet.com/resources/cyberglossary/tcp-ip-model-vs-osi-model,Tcp Ip Model Vs Osi Model,United States (US),"Sep 6-12, 2026",
https://www.fortinet.com/resources/cyberglossary/tailgating-attack,Tailgating Attack,United States (US),"Sep 6-12, 2026",
https://www.fortinet.com/resources/cyberglossary/data-security,Data Security,United States (US),"Sep 6-12, 2026",
https://www.fortinet.com/resources/cyberglossary/phishing-email-analysis,Phishing Email Analysis,United States (US),"Sep 6-12, 2026",
https://www.fortinet.com/resources/cyberglossary/data-exfiltration,Data Exfiltration,United States (US),"Sep 6-12, 2026",
https://www.fortinet.com/resources/cyberglossary/pgp-encryption,PGP Encryption,United States (US),"Sep 6-12, 2026",
https://www.fortinet.com/resources/cyberglossary/unified-threat-management,Unified Threat Management,United States (US),"Sep 6-12, 2026",
https://www.fortinet.com/resources/cyberglossary/url-phishing,URL Phishing,United States (US),"Sep 6-12, 2026",
https://www.fortinet.com/resources/cyberglossary/it-security-policy,It Security Policy,United States (US),"Sep 6-12, 2026",
https://www.fortinet.com/resources/cyberglossary/dns-hijacking,DNS Hijacking,United States (US),"Sep 6-12, 2026",
https://www.fortinet.com/resources/cyberglossary/dos-vs-ddos,DOS Vs DDOS,United States (US),"Sep 6-12, 2026",
https://www.fortinet.com/resources/cyberglossary/whaling-attack,Whaling Attack,United States (US),"Sep 6-12, 2026",
https://www.fortinet.com/resources/cyberglossary/what-is-botnet,Botnet,United States (US),"Sep 6-12, 2026",
https://www.fortinet.com/resources/cyberglossary/what-is-port-scan,Port Scan,United States (US),"Sep 6-12, 2026",
https://www.fortinet.com/resources/cyberglossary/digital-certificates,Digital Certificates,United States (US),"Sep 6-12, 2026",
https://www.fortinet.com/resources/cyberglossary/eavesdropping,Eavesdropping Attack,United States (US),"Sep 6-12, 2026",
https://www.fortinet.com/resources/cyberglossary/bgp-border-gateway-protocol,Border Gateway Protocol,United States (US),"Sep 6-12, 2026",
https://www.fortinet.com/resources/cyberglossary/saas-security-posture-management,SSPM,United States (US),"Sep 6-12, 2026",
https://www.fortinet.com/resources/cyberglossary/cyber-extortion,Cyber Extortion,United States (US),"Sep 6-12, 2026",
https://www.fortinet.com/resources/cyberglossary/devops-security,Devops Security,United States (US),"Sep 6-12, 2026",
https://www.fortinet.com/resources/cyberglossary/confidential-computing,Confidential Computing,United States (US),"Sep 6-12, 2026",
https://www.fortinet.com/resources/cyberglossary/scareware,Scareware,United States (US),"Sep 6-12, 2026",
https://www.fortinet.com/resources/cyberglossary/trojan-horse-virus,Trojan Horse Virus,United States (US),"Sep 6-12, 2026",
https://www.fortinet.com/resources/cyberglossary/what-is-canary-in-cybersecurity,Canary In Cybersecurity,United States (US),"Sep 6-12, 2026",
https://www.fortinet.com/resources/cyberglossary/email-security,Email Security,United States (US),"Sep 6-12, 2026",
https://www.fortinet.com/resources/cyberglossary/smb-cybersecurity-tools,Cybersecurity Tools For Small Business,United States (US),"Sep 6-12, 2026",
https://www.fortinet.com/resources/cyberglossary/recent-ransomware-settlements,Ransomware Settlement,United States (US),"Sep 6-12, 2026",
https://www.fortinet.com/resources/cyberglossary/fileless-malware,Fileless Malware,United States (US),"Sep 6-12, 2026",
https://www.fortinet.com/resources/cyberglossary/what-is-keyloggers,Keyloggers,United States (US),"Sep 6-12, 2026",
https://www.fortinet.com/resources/cyberglossary/microsegmentation,Microsegmentation,United States (US),"Sep 6-12, 2026",
https://www.fortinet.com/resources/cyberglossary/cybersquatting,Cybersquatting,United States (US),"Sep 6-12, 2026",
https://www.fortinet.com/resources/cyberglossary/what-is-firmware,What Is Firmware,United States (US),"Sep 6-12, 2026",
https://www.fortinet.com/resources/cyberglossary/user-datagram-protocol-udp,User Datagram Protocol,United States (US),"Sep 6-12, 2026",
https://www.fortinet.com/resources/cyberglossary/certificate-management,Certificate Management,United States (US),"Sep 6-12, 2026",
https://www.fortinet.com/resources/cyberglossary/what-is-url-filtering,What Is Url Filtering,United States (US),"Sep 6-12, 2026",
https://www.fortinet.com/resources/cyberglossary/diy-vs-managed-sd-wan,Diy Vs Managed SD WAN,United States (US),"Sep 6-12, 2026",
https://www.fortinet.com/resources/cyberglossary/qos-quality-of-service,QOS,United States (US),"Sep 6-12, 2026",
https://www.fortinet.com/resources/cyberglossary/what-is-branch-networking,Branch Networking,United States (US),"Sep 6-12, 2026",
https://www.fortinet.com/resources/cyberglossary/mpls,MPLS,United States (US),"Sep 6-12, 2026",
https://www.fortinet.com/resources/cyberglossary/failover,Failover,United States (US),"Sep 6-12, 2026",
https://www.fortinet.com/resources/cyberglossary/lateral-movement,Lateral Movement,United States (US),"Sep 6-12, 2026",
https://www.fortinet.com/resources/cyberglossary/what-is-site-to-site-vpn,Site To Site VPN,United States (US),"Sep 6-12, 2026",
https://www.fortinet.com/resources/cyberglossary/ransomware-removal,Ransomware Removal,United States (US),"Sep 6-12, 2026",
https://www.fortinet.com/resources/cyberglossary/endpoint-security-for-mobile-devices,Endpoint Security For Mobile Devices,United States (US),"Sep 6-12, 2026",
https://www.fortinet.com/resources/cyberglossary/shift-left-security,Shift Left Security,United States (US),"Sep 6-12, 2026",
https://www.fortinet.com/resources/cyberglossary/what-is-ip-address,What Is An Ip Address,United States (US),"Sep 6-12, 2026",
https://www.fortinet.com/resources/cyberglossary/spam-filters,SPAM Filtering,United States (US),"Sep 6-12, 2026",
https://www.fortinet.com/resources/cyberglossary/iot-device-vulnerabilities,IOT Device Vulnerabilities,United States (US),"Sep 6-12, 2026",
https://www.fortinet.com/resources/cyberglossary/implement-ddos-mitigation-strategy,DDOS Mitigation,United States (US),"Sep 6-12, 2026",
https://www.fortinet.com/resources/cyberglossary/what-is-ttl,What Is Time To Live,United States (US),"Sep 6-12, 2026",
https://www.fortinet.com/resources/cyberglossary/malware-vs-virus-vs-worm,Malware Vs Virus Vs Worm,United States (US),"Sep 6-12, 2026",
https://www.fortinet.com/resources/cyberglossary/login-credentials,Login Credentials,United States (US),"Sep 6-12, 2026",
https://www.fortinet.com/resources/cyberglossary/definitions-of-jargon-ransomware,Ransomware Jargon,United States (US),"Sep 6-12, 2026",
https://www.fortinet.com/resources/cyberglossary/pretexting,Pretexting,United States (US),"Sep 6-12, 2026",
https://www.fortinet.com/resources/cyberglossary/ics-security,ICS Security,United States (US),"Sep 6-12, 2026",
https://www.fortinet.com/resources/cyberglossary/definitions-of-jargon,Fortinet DOJ,United States (US),"Sep 6-12, 2026",
https://www.fortinet.com/resources/cyberglossary/wireless-network,Wireless Network,United States (US),"Sep 6-12, 2026",
https://www.fortinet.com/resources/cyberglossary/what-is-dns,What Is DNS,United States (US),"Sep 6-12, 2026",
https://www.fortinet.com/resources/cyberglossary/what-is-https,What Is Https,United States (US),"Sep 6-12, 2026",
https://www.fortinet.com/resources/cyberglossary/ransomware-as-a-service-raas,Ransomware As A Service,United States (US),"Sep 6-12, 2026",
https://www.fortinet.com/resources/cyberglossary/tcp-ip,TCP/IP,United States (US),"Sep 6-12, 2026",
https://www.fortinet.com/resources/cyberglossary/insider-threats,What Is An Insider Threat,United States (US),"Sep 6-12, 2026",
https://www.fortinet.com/resources/cyberglossary/static-vs-dynamic-ip,Static Vs Dynamic Ip Address,United States (US),"Sep 6-12, 2026",
https://www.fortinet.com/resources/cyberglossary/smurf-attack,Smurf Attack,United States (US),"Sep 6-12, 2026",
https://www.fortinet.com/resources/cyberglossary/10-cybersecurity-tips-small-business,Cybersecurity TIPS For Small Businesses,United States (US),"Sep 6-12, 2026",
https://www.fortinet.com/resources/cyberglossary/dlp,Data Loss Prevention,United States (US),"Sep 6-12, 2026",
https://www.fortinet.com/resources/cyberglossary/what-is-network-access-control,Network Access Control,United States (US),"Sep 6-12, 2026",
https://www.fortinet.com/resources/cyberglossary/dark-web-monitoring,Dark Web Monitoring,United States (US),"Sep 6-12, 2026",
https://www.fortinet.com/resources/cyberglossary/what-is-caching,Caching,United States (US),"Sep 6-12, 2026",
https://www.fortinet.com/resources/cyberglossary/spyware,What Is Spyware,United States (US),"Sep 6-12, 2026",
https://www.fortinet.com/resources/cyberglossary/code-scanning,Code Scanning,United States (US),"Sep 6-12, 2026",
https://www.fortinet.com/resources/cyberglossary/cybersecurity-statistics,Cybersecurity Statistics,United States (US),"Sep 6-12, 2026",
https://www.fortinet.com/resources/cyberglossary/pharming,Pharming,United States (US),"Sep 6-12, 2026",
https://www.fortinet.com/resources/cyberglossary/exploit,What Is An Exploit,United States (US),"Sep 6-12, 2026",
https://www.fortinet.com/resources/cyberglossary/vulnerability-assessment,Vulnerability Assessment,United States (US),"Sep 6-12, 2026",
https://www.fortinet.com/resources/cyberglossary/bot,What Is A Bot,United States (US),"Sep 6-12, 2026",
https://www.fortinet.com/resources/cyberglossary/ddos-protection,DDOS Protection,United States (US),"Sep 6-12, 2026",
https://www.fortinet.com/resources/cyberglossary/openstack,What Is Openstack,United States (US),"Sep 6-12, 2026",
https://www.fortinet.com/resources/cyberglossary/hybrid-it,Hybrid It,United States (US),"Sep 6-12, 2026",
https://www.fortinet.com/resources/cyberglossary/krack-attack,Krack Attack,United States (US),"Sep 6-12, 2026",
https://www.fortinet.com/resources/cyberglossary/thin-client,Thin Client,United States (US),"Sep 6-12, 2026",
https://www.fortinet.com/resources/cyberglossary/what-is-ciam,CIAM,United States (US),"Sep 6-12, 2026",
https://www.fortinet.com/resources/cyberglossary/spear-phishing,Spear Phishing,United States (US),"Sep 6-12, 2026",
https://www.fortinet.com/resources/cyberglossary/advanced-threat-protection-atp,Advanced Threat Protection,United States (US),"Sep 6-12, 2026",
https://www.fortinet.com/resources/cyberglossary/network-as-a-service,Network As A Service,United States (US),"Sep 6-12, 2026",
https://www.fortinet.com/resources/cyberglossary/managed-detection-and-response,Managed Detection And Response,United States (US),"Sep 6-12, 2026",
https://www.fortinet.com/resources/cyberglossary/single-sign-on,What Is SSO?,United States (US),"Sep 6-12, 2026",
https://www.fortinet.com/resources/cyberglossary/internet-security,What Is Internet Security,United States (US),"Sep 6-12, 2026",
https://www.fortinet.com/resources/cyberglossary/wireless-security-tips,Wireless Security TIPS,United States (US),"Sep 6-12, 2026",
https://www.fortinet.com/resources/cyberglossary/what-is-pci-compliance,What Is PCI Compliance,United States (US),"Sep 6-12, 2026",
https://www.fortinet.com/resources/cyberglossary/sql-injection,SQL Injection,United States (US),"Sep 6-12, 2026",
https://www.fortinet.com/resources/cyberglossary/sextortion,Sextortion,United States (US),"Sep 6-12, 2026",
https://www.fortinet.com/resources/cyberglossary/web-scraping,Web ScrAPIng,United States (US),"Sep 6-12, 2026",
https://www.fortinet.com/resources/cyberglossary/network-monitoring,Network Monitoring,United States (US),"Sep 6-12, 2026",
https://www.fortinet.com/resources/cyberglossary/public-key-infrastructure,PKI,United States (US),"Sep 6-12, 2026",
https://www.fortinet.com/resources/cyberglossary/platform-as-a-service,PAAS,United States (US),"Sep 6-12, 2026",
https://www.fortinet.com/resources/cyberglossary/mobile-device-management,Mobile Device Management,United States (US),"Sep 6-12, 2026",
https://www.fortinet.com/resources/cyberglossary/how-to-prevent-ransomware,How To Prevent Ransomware,United States (US),"Sep 6-12, 2026",
https://www.fortinet.com/resources/cyberglossary/remote-desktop-protocol,Remote Desktop Protocol,United States (US),"Sep 6-12, 2026",
https://www.fortinet.com/resources/cyberglossary,Cyber Glossary,United States (US),"Sep 6-12, 2026",
https://www.fortinet.com/resources/cyberglossary/solarwinds-cyber-attack,Solarwinds Cyber Attack,United States (US),"Sep 6-12, 2026",
https://www.fortinet.com/resources/cyberglossary/identity-theft,Identity Theft,United States (US),"Sep 6-12, 2026",
https://www.fortinet.com/resources/cyberglossary/sox-sarbanes-oxley-act,Sarbanes-Oxley Act,United States (US),"Sep 6-12, 2026",
https://www.fortinet.com/resources/cyberglossary/ssl-certificate,SSL Certificate,United States (US),"Sep 6-12, 2026",
https://www.fortinet.com/resources/cyberglossary/data-classification,Data Classification,United States (US),"Sep 6-12, 2026",
https://www.fortinet.com/resources/cyberglossary/what-is-soar,What Is SOAR,United States (US),"Sep 6-12, 2026",
https://www.fortinet.com/resources/cyberglossary/mobile-security,What Is Mobile Security,United States (US),"Sep 6-12, 2026",
https://www.fortinet.com/resources/cyberglossary/devsecops,Devsecops,United States (US),"Sep 6-12, 2026",
https://www.fortinet.com/resources/cyberglossary/dynamic-dns,Dynamic DNS,United States (US),"Sep 6-12, 2026",
https://www.fortinet.com/resources/cyberglossary/infrastructure-as-code,Infrastructure As Code,United States (US),"Sep 6-12, 2026",
https://www.fortinet.com/resources/cyberglossary/what-is-cyber-attack,What Is A Cyber Attack?,United States (US),"Sep 6-12, 2026",
https://www.fortinet.com/resources/cyberglossary/multi-factor-authentication,Multi-Factor Authentication,United States (US),"Sep 6-12, 2026",
https://www.fortinet.com/resources/cyberglossary/account-takeover,Account Takeover,United States (US),"Sep 6-12, 2026",
https://www.fortinet.com/resources/cyberglossary/colocation-data-center,Colocation Data Center,United States (US),"Sep 6-12, 2026",
https://www.fortinet.com/resources/cyberglossary/cyber-espionage,Cyber Espionage,United States (US),"Sep 6-12, 2026",
https://www.fortinet.com/resources/cyberglossary/what-is-deception-technology,Deception Technology,United States (US),"Sep 6-12, 2026",
https://www.fortinet.com/resources/cyberglossary/dpi-deep-packet-inspection,Deep Packet Inspection,United States (US),"Sep 6-12, 2026",
https://www.fortinet.com/resources/cyberglossary/network-automation,Network Automation,United States (US),"Sep 6-12, 2026",
https://www.fortinet.com/resources/cyberglossary/dns-leak,DNS Leak,United States (US),"Sep 6-12, 2026",
https://www.fortinet.com/resources/cyberglossary/swatting,Swatting,United States (US),"Sep 6-12, 2026",
https://www.fortinet.com/resources/cyberglossary/what-is-honeypot,What Is A Honeypot,United States (US),"Sep 6-12, 2026",
https://www.fortinet.com/resources/cyberglossary/data-breach,What Is A Data Breach,United States (US),"Sep 6-12, 2026",
https://www.fortinet.com/resources/cyberglossary/remote-access,What Is Remote Access,United States (US),"Sep 6-12, 2026",
https://www.fortinet.com/resources/cyberglossary/incident-response,Incident Response,United States (US),"Sep 6-12, 2026",
https://www.fortinet.com/resources/cyberglossary/most-notorious-attacks-in-the-history-of-cyber-warfare,Cyber Warfare,United States (US),"Sep 6-12, 2026",
https://www.fortinet.com/resources/cyberglossary/work-from-home-cybersecurity-risks,Remote Work Cyber Security Risks,United States (US),"Sep 6-12, 2026",
https://www.fortinet.com/resources/cyberglossary/deepfake,What Is Deepfake,United States (US),"Sep 6-12, 2026",
https://www.fortinet.com/resources/cyberglossary/critical-infrastructure-protection,Critical Infrastructure Protection,United States (US),"Sep 6-12, 2026",
https://www.fortinet.com/resources/cyberglossary/watering-hole-attack,Watering Hole Attack,United States (US),"Sep 6-12, 2026",
https://www.fortinet.com/resources/cyberglossary/rootkit,Rootkit,United States (US),"Sep 6-12, 2026",
https://www.fortinet.com/resources/cyberglossary/oidc,OIDC,United States (US),"Sep 6-12, 2026",
https://www.fortinet.com/resources/cyberglossary/intrusion-detection-system,Intrusion Detection System,United States (US),"Sep 6-12, 2026",
https://www.fortinet.com/resources/cyberglossary/heuristic-analysis,Heuristic Analysis,United States (US),"Sep 6-12, 2026",
https://www.fortinet.com/resources/cyberglossary/serverless-computing,Serverless Computing,United States (US),"Sep 6-12, 2026",
https://www.fortinet.com/resources/cyberglossary/what-is-hacktivism,Hacktivism,United States (US),"Sep 6-12, 2026",
https://www.fortinet.com/resources/cyberglossary/types-of-phishing-attacks,Types Of Phishing Attacks,United States (US),"Sep 6-12, 2026",
https://www.fortinet.com/resources/cyberglossary/election-security,Election Security,United States (US),"Sep 6-12, 2026",
https://www.fortinet.com/resources/cyberglossary/what-is-arp,ARP,United States (US),"Sep 6-12, 2026",
https://www.fortinet.com/resources/cyberglossary/supply-chain-attacks,Supply Chain Attacks,United States (US),"Sep 6-12, 2026",
https://www.fortinet.com/resources/cyberglossary/email-security-best-practices,Emailsecurity Best Practices,United States (US),"Sep 6-12, 2026",
https://www.fortinet.com/resources/cyberglossary/whitehat-security,White Hat Hacking,United States (US),"Sep 6-12, 2026",
https://www.fortinet.com/resources/cyberglossary/ddos-attack,What Is DDOS Attack,United States (US),"Sep 6-12, 2026",
https://www.fortinet.com/resources/cyberglossary/recent-cyber-attacks,Recent Cyber Attacks,United States (US),"Sep 6-12, 2026",
https://www.fortinet.com/resources/cyberglossary/remote-access-vpn,Remote Access VPN,United States (US),"Sep 6-12, 2026",
https://www.fortinet.com/resources/cyberglossary/fisma-and-fisma-compliance,Fisma,United States (US),"Sep 6-12, 2026",
https://www.fortinet.com/resources/cyberglossary/how-to-detect-keylogger-on-phone,How To Detect Keylogger,United States (US),"Sep 6-12, 2026",
https://www.fortinet.com/resources/cyberglossary/network-segmentation,Network Segmentation,United States (US),"Sep 6-12, 2026",
https://www.fortinet.com/resources/cyberglossary/what-is-an-ips,Intrusion Prevention System,United States (US),"Sep 6-12, 2026",
https://www.fortinet.com/resources/cyberglossary/what-is-siem,SIEM,United States (US),"Sep 6-12, 2026",
https://www.fortinet.com/resources/cyberglossary/what-is-XDR,XDR,United States (US),"Sep 6-12, 2026",
https://www.fortinet.com/resources/cyberglossary/vpn-routers,VPN Routers,United States (US),"Sep 6-12, 2026",
https://www.fortinet.com/resources/cyberglossary/clickjacking,Clickjacking,United States (US),"Sep 6-12, 2026",
https://www.fortinet.com/resources/cyberglossary/byod,Bring Your Own Device,United States (US),"Sep 6-12, 2026",
https://www.fortinet.com/resources/cyberglossary/cross-site-scripting,Cross Site Scripting,United States (US),"Sep 6-12, 2026",
https://www.fortinet.com/resources/cyberglossary/fast-flux-networks,Fast Flux Networks,United States (US),"Sep 6-12, 2026",
https://www.fortinet.com/resources/cyberglossary/phishing,Phishing,United States (US),"Sep 6-12, 2026",
https://www.fortinet.com/resources/cyberglossary/malware,Malware,United States (US),"Sep 6-12, 2026",
https://www.fortinet.com/resources/cyberglossary/unified-endpoint-management-uem,Unified Endpoint Management,United States (US),"Sep 6-12, 2026",
https://www.fortinet.com/resources/cyberglossary/man-in-the-middle-attack,Man In The Middle Attack,United States (US),"Sep 6-12, 2026",
https://www.fortinet.com/resources/cyberglossary/cyber-insurance,Cyber Insurance,United States (US),"Sep 6-12, 2026",
https://www.fortinet.com/resources/cyberglossary/bloatware,Bloatware,United States (US),"Sep 6-12, 2026",
https://www.fortinet.com/resources/cyberglossary/two-factor-authentication,What Is Two Factor Authentication,United States (US),"Sep 6-12, 2026",
https://www.fortinet.com/resources/cyberglossary/black-hat-security,Black Hat Security,United States (US),"Sep 6-12, 2026",
https://www.fortinet.com/resources/cyberglossary/dynamic-host-configuration-protocol-dhcp,DHCP,United States (US),"Sep 6-12, 2026",
https://www.fortinet.com/resources/cyberglossary/what-is-machine-learning,Machine Learning,United States (US),"Sep 6-12, 2026",
https://www.fortinet.com/resources/cyberglossary/cyber-threat-intelligence,Cyber Threat Intelligence,United States (US),"Sep 6-12, 2026",
https://www.fortinet.com/resources/cyberglossary/what-is-a-qr-code,What Is A Qr Code,United States (US),"Sep 6-12, 2026",
https://www.fortinet.com/resources/cyberglossary/simple-network-management-protocol,Simple Network Management Protocol,United States (US),"Sep 6-12, 2026",
https://www.fortinet.com/resources/cyberglossary/federated-identity,Federated Identity,United States (US),"Sep 6-12, 2026",
https://www.fortinet.com/resources/cyberglossary/ransomware,Ransomware,United States (US),"Sep 6-12, 2026",
https://www.fortinet.com/resources/cyberglossary/what-is-soc,SOC,United States (US),"Sep 6-12, 2026",
https://www.fortinet.com/resources/cyberglossary/wannacry-ransomware-attack,Wannacry,United States (US),"Sep 6-12, 2026",
https://www.fortinet.com/resources/cyberglossary/ci-cd-pipeline,CI/CD Pipelines,United States (US),"Sep 6-12, 2026",
https://www.fortinet.com/resources/cyberglossary/how-to-pick-a-work-from-home-wi-fi-router,How To Pick A Wifi Router,United States (US),"Sep 6-12, 2026",
https://www.fortinet.com/resources/cyberglossary/mitre-attck,Mitre ATT&CK,United States (US),"Sep 6-12, 2026",
https://www.fortinet.com/resources/cyberglossary/what-is-5g,What Is 5G?,United States (US),"Sep 6-12, 2026",
https://www.fortinet.com/resources/cyberglossary/virtual-desktop-infrastructure-vdi,Virtual Desktop Infrastructure,United States (US),"Sep 6-12, 2026",
https://www.fortinet.com/resources/cyberglossary/what-is-a-vpn,What Is A VPN,United States (US),"Sep 6-12, 2026",
https://www.fortinet.com/resources/cyberglossary/fabric-of-security,Fabric Of Security,United States (US),"Sep 6-12, 2026",
https://www.fortinet.com/resources/cyberglossary/what-is-ndr,Network Detection And Response,United States (US),"Sep 6-12, 2026",
https://www.fortinet.com/resources/cyberglossary/cyber-physical-systems,Cyber Physical Systems,United States (US),"Sep 6-12, 2026",
https://www.fortinet.com/resources/cyberglossary/purdue-model,Purdue Model,United States (US),"Sep 6-12, 2026",
https://www.fortinet.com/resources/cyberglossary/what-is-air-gap,What Is Air Gap,United States (US),"Sep 6-12, 2026",
https://www.fortinet.com/resources/cyberglossary/malware-protection,Malware Protection,United States (US),"Sep 6-12, 2026",
https://www.fortinet.com/resources/cyberglossary/browser-security,Browser Security,United States (US),"Sep 6-12, 2026",
https://www.fortinet.com/resources/cyberglossary/types-of-malware,Types Of Malware,United States (US),"Sep 6-12, 2026",
https://www.fortinet.com/resources/cyberglossary/identity-as-a-service,Identity As A Service,United States (US),"Sep 6-12, 2026",
https://www.fortinet.com/resources/cyberglossary/dfir,DFIR,United States (US),"Sep 6-12, 2026",
https://www.fortinet.com/resources/cyberglossary/application-performance-monitoring,Application Performance Monitoring,United States (US),"Sep 6-12, 2026",
https://www.fortinet.com/resources/cyberglossary/soc1-compliance,Soc 1 Compliance,United States (US),"Sep 6-12, 2026",
https://www.fortinet.com/resources/cyberglossary/security-audit,Security Audit,United States (US),"Sep 6-12, 2026",
https://www.fortinet.com/resources/cyberglossary/web-application-security,Web Application Security,United States (US),"Sep 6-12, 2026",
https://www.fortinet.com/resources/cyberglossary/server-virtualization,Server Virtualization,United States (US),"Sep 6-12, 2026",
https://www.fortinet.com/resources/cyberglossary/vulnerability-assessment-tools,Vulnerability Assessment Tools,United States (US),"Sep 6-12, 2026",
https://www.fortinet.com/resources/cyberglossary/neural-network,Neural Networks,United States (US),"Sep 6-12, 2026",
https://www.fortinet.com/resources/cyberglossary/shors-grovers-algorithms,Shor's Algorithm,United States (US),"Sep 6-12, 2026",
https://www.fortinet.com/resources/cyberglossary/dark-vs-deep-web,Dark Web Vs Deep Web,United States (US),"Sep 6-12, 2026",
https://www.fortinet.com/resources/cyberglossary/signs-of-malware,Signs Of Malware,United States (US),"Sep 6-12, 2026",
https://www.fortinet.com/resources/cyberglossary/vulnerability-management,Vulnerability Management,United States (US),"Sep 6-12, 2026",
https://www.fortinet.com/resources/cyberglossary/vulnerability-disclosure,Vulnerability Disclosure,United States (US),"Sep 6-12, 2026",
https://www.fortinet.com/resources/cyberglossary/virtual-patching,Virtual Patching,United States (US),"Sep 6-12, 2026",
https://www.fortinet.com/resources/cyberglossary/nerc-cip,NERC CIP,United States (US),"Sep 6-12, 2026",
https://www.fortinet.com/resources/cyberglossary/cyber-security-platform,Cyber Security Platform,United States (US),"Sep 6-12, 2026",
https://www.fortinet.com/resources/cyberglossary/compensating-controls,Compensating Controls,United States (US),"Sep 6-12, 2026",
https://www.fortinet.com/resources/cyberglossary/darkside-ransomware,Darkside Ransomware,United States (US),"Sep 6-12, 2026",
https://www.fortinet.com/resources/cyberglossary/rugged-hardware,Rugged Hardware,United States (US),"Sep 6-12, 2026",
https://www.fortinet.com/resources/cyberglossary/identity-based-attacks,Identity Based Attacks,United States (US),"Sep 6-12, 2026",
https://www.fortinet.com/resources/cyberglossary/enterprise-vpn-solutions,Enterprise VPN Solutions,United States (US),"Sep 6-12, 2026",
https://www.fortinet.com/resources/cyberglossary/owasp-web-application-firewall,Waf Owasp Top 10,United States (US),"Sep 6-12, 2026",
https://www.fortinet.com/resources/cyberglossary/virtual-machines,Virtual Machine,United States (US),"Sep 6-12, 2026",
https://www.fortinet.com/resources/cyberglossary/agent-vs-agentless-security,Agent Vs Agentless Security,United States (US),"Sep 6-12, 2026",
https://www.fortinet.com/resources/cyberglossary/behavioral-analytics,Behavioral Analytics,United States (US),"Sep 6-12, 2026",
https://www.fortinet.com/resources/cyberglossary/ci-cd,CI/CD,United States (US),"Sep 6-12, 2026",
https://www.fortinet.com/resources/cyberglossary/cspm-vs-dspm,CSPM Vs DSPM,United States (US),"Sep 6-12, 2026",
https://www.fortinet.com/resources/cyberglossary/ctem,CTEM,United States (US),"Sep 6-12, 2026",
https://www.fortinet.com/resources/cyberglossary/data-discovery,Data Discovery,United States (US),"Sep 6-12, 2026",
https://www.fortinet.com/resources/cyberglossary/data-matching,Data Matching,United States (US),"Sep 6-12, 2026",
https://www.fortinet.com/resources/cyberglossary/data-protection,Data Protection,United States (US),"Sep 6-12, 2026",
https://www.fortinet.com/resources/cyberglossary/dcap,DCAP,United States (US),"Sep 6-12, 2026",
https://www.fortinet.com/resources/cyberglossary/device-control,Device Control,United States (US),"Sep 6-12, 2026",
https://www.fortinet.com/resources/cyberglossary/digital-operational-resilience-act-dora,Digital Operational Resilience Act,United States (US),"Sep 6-12, 2026",
https://www.fortinet.com/resources/cyberglossary/dlp-monitoring,DLP Monitoring,United States (US),"Sep 6-12, 2026",
https://www.fortinet.com/resources/cyberglossary/dlp-policy,DLP Policy,United States (US),"Sep 6-12, 2026",
https://www.fortinet.com/resources/cyberglossary/dlpaas-and-dlp-as-a-managed-service,DLP As A Service,United States (US),"Sep 6-12, 2026",
https://www.fortinet.com/resources/cyberglossary/file-sharing-security,File Sharing Security,United States (US),"Sep 6-12, 2026",
https://www.fortinet.com/resources/cyberglossary/gdpr,GDPR,United States (US),"Sep 6-12, 2026",
https://www.fortinet.com/resources/cyberglossary/hipaa-compliance,Hipaa Compliance,United States (US),"Sep 6-12, 2026",
https://www.fortinet.com/resources/cyberglossary/identity-risk-prioritization,Identity Risk,United States (US),"Sep 6-12, 2026",
https://www.fortinet.com/resources/cyberglossary/living-off-the-land-lotl,Living Off The Land Attack,United States (US),"Sep 6-12, 2026",
https://www.fortinet.com/resources/cyberglossary/national-vulnerability-database-nvd,National Vulnerability Database,United States (US),"Sep 6-12, 2026",
https://www.fortinet.com/resources/cyberglossary/network-dlp,Network DLP,United States (US),"Sep 6-12, 2026",
https://www.fortinet.com/resources/cyberglossary/private-5g-warehousing,Private 5G Warehousing,United States (US),"Sep 6-12, 2026",
https://www.fortinet.com/resources/cyberglossary/saas-security,SAAS Security,United States (US),"Sep 6-12, 2026",
https://www.fortinet.com/resources/cyberglossary/secret-management,Secret Management,United States (US),"Sep 6-12, 2026",
https://www.fortinet.com/resources/cyberglossary/security-misconfiguration,Security Misconfiguration,United States (US),"Sep 6-12, 2026",
https://www.fortinet.com/resources/cyberglossary/what-is-a-software-defined-perimeter,Software Defined Perimeter,United States (US),"Sep 6-12, 2026",
https://www.fortinet.com/resources/cyberglossary/threat-detection-and-response,Threat Detection And Response,United States (US),"Sep 6-12, 2026",
https://www.fortinet.com/resources/cyberglossary/remote-code-execution,Remote Code Execution,United States (US),"Sep 6-12, 2026",
https://www.fortinet.com/resources/cyberglossary/data-poisoning,Data Poisoning,United States (US),"Sep 6-12, 2026",
https://www.fortinet.com/resources/cyberglossary/data-privacy,Data Privacy,United States (US),"Sep 6-12, 2026",
https://www.fortinet.com/resources/cyberglossary/cloud-migration,Cloud Migration,United States (US),"Sep 6-12, 2026",
https://www.fortinet.com/resources/cyberglossary/cloud-workload-security,Cloud Workload Security,United States (US),"Sep 6-12, 2026",
https://www.fortinet.com/resources/cyberglossary/rise-of-cybersecurity-mesh,Rise Of Cybersecurity Mesh,United States (US),"Sep 6-12, 2026",
https://www.fortinet.com/resources/cyberglossary/saml,SAML,United States (US),"Sep 6-12, 2026",
https://www.fortinet.com/resources/cyberglossary/ngfw-vs-utm,NGFW Vs UTM,United States (US),"Sep 6-12, 2026",
https://www.fortinet.com/resources/cyberglossary/cybersecurity-trends-2026,Cybersecurity Trends,United States (US),"Sep 6-12, 2026",
https://www.fortinet.com/resources/cyberglossary/cybersecurity-best-practices,Cybersecurity Best Practices,United States (US),"Sep 6-12, 2026",
https://www.fortinet.com/resources/cyberglossary/what-is-mlsecops,Mlsecops,United States (US),"Sep 6-12, 2026",
https://www.fortinet.com/resources/cyberglossary/quantum-cryptanalysis,Quantum Cryptanalysis,United States (US),"Sep 6-12, 2026",
https://www.fortinet.com/resources/cyberglossary/cybersecurity-risk,Cybersecurity Risks,United States (US),"Sep 6-12, 2026",
https://www.fortinet.com/resources/cyberglossary/quantum-cryptography,Quantum Cryptography,United States (US),"Sep 6-12, 2026",
https://www.fortinet.com/resources/cyberglossary/red-teaming,Red Teaming,United States (US),"Sep 6-12, 2026",
https://www.fortinet.com/resources/cyberglossary/prompt-injection,Prompt Injection Attack,United States (US),"Sep 6-12, 2026",
https://www.fortinet.com/resources/cyberglossary/ai-risk-management,AI Risk Management,United States (US),"Sep 6-12, 2026",
https://www.fortinet.com/resources/cyberglossary/sase,SASE Firewall,United States (US),"Sep 6-12, 2026",
